Dentist_ID,FULL_NAME,DOB,GENDER,EMAIL_ADDRESS,NOTES
DEN001,Xander Parsons,4/29/1991,F,xander134@parsons.com,multi-state
DEN002,Elliot Archer,3/13/1989,M,kwalhedd51@gravatar.com,Devolved
DEN003,Dewi Knight,6/18/1964,F,dwudelandod@army.mil,capacity
DEN004,Christina Riddle,11/8/1984,M,pkilshawf8@g.co,Balanced
DEN005,Cerys Harvey,2/19/1966,F,mbremingcx@reuters.com,flexibility
DEN006,Wanda Bates,7/25/1962,M,sheffera5@cargocollective.com,Business-focused
DEN007,Gladys Mclean,10/4/1984,F,agaitone9z@naver.com,4th generation
DEN008,Hugh Watson,4/26/1982,M,glampardga@wikipedia.org,fault-tolerant
DEN009,Maisey Simmons,10/23/1998,F,astreatln@51.la,core
DEN010,Luna Maldonado,8/29/1978,M,bharce4e@columbia.edu,zero defect
DEN011,Jayden Cunningham,11/30/1979,F,rsebertml@dot.gov,collaboration
DEN012,Virgil Roth,8/6/1973,M,erawlcliffecz@seesaa.net,throughput
DEN013,Mahnoor Bishop,12/27/1990,F,cpollack9r@ustream.tv,zero tolerance
DEN014,Zack Connolly,10/10/1983,M,ksnook59@webs.com,Assimilated
DEN015,Eesa Green,4/11/1977,F,vpinerfn@flickr.com,real-time
DEN016,Harmony Dejesus,5/17/1984,M,fharriday9q@google.ca,empowering
DEN017,Aqsa Howe,1/21/1962,M,cdundredgerb@army.mil,open system
DEN018,Kelsie Frazier,8/21/1969,F,loboy91@mozilla.com,process improvement
DEN019,Tomos Kaufman,12/16/1976,F,mhannajz@multiply.com,Reverse-engineered
DEN020,Rafferty Hardin,8/6/1981,M,hlashmorea2@domainmarket.com,Intuitive
DEN021,Osian Copeland,7/3/1996,F,dhuchot5r@multiply.com,non-volatile
DEN022,Daisie Finch,9/1/1965,M,cjzhakovov@myspace.com,value-added
DEN023,Brenda Mahoney,12/28/1992,F,jforbesbk@jigsy.com,logistical
DEN024,Gail White,9/26/1988,M,lpettittmi@clickbank.net,database
DEN025,Sulayman Dickson,6/18/1964,F,bdenyukhind0@cnet.com,projection
DEN026,Sasha Estrada,4/19/1982,M,alougheidfe@usgs.gov,De-engineered
DEN027,May Pruitt,12/14/1995,M,lcastelyn4q@list-manage.com,local
DEN028,Marcel Lester,11/13/1995,F,fschultzei8@miitbeian.gov.cn,contextually-based
DEN029,Frederic Singh,2/7/1976,F,emilligank9@soup.io,foreground
DEN030,Amy Blackburn,5/21/1969,M,eiblekn@toplist.cz,disintermediate
DEN031,Lucinda Mccormick,12/16/1987,F,lwithuraf@networksolutions.com,hub
DEN032,Malachi Powell,4/26/1965,M,bbalmeroe@ucsd.edu,open architecture
DEN033,Kaya Stuart,7/2/1961,F,gkleyn53@loc.gov,uniform
DEN034,Sid Cruz,5/28/1961,M,hgimbernp@unc.edu,scalable
DEN035,Abigail Rice,4/8/1990,F,cdundredgerb@army.mil,cohesive
DEN036,Beatrice Lewis,10/4/1965,F,tjohanssenjw@quantcast.com,infrastructure
DEN037,Hafsa Jensen,4/17/1991,M,jpavlenkovd2@deviantart.com,systematic
DEN038,Yasmine Washington,6/25/1994,M,jdimaggioh0@instagram.com,Persevering
DEN039,Anton Lawson,12/30/1960,F,gsprowsonoz@de.vu,Extended
DEN040,James Mullen,7/24/1985,F,hjurgengz@friendfeed.com,extranet
DEN041,Susie Bradford,2/19/1966,M,epilipetshz@biglobe.ne.jp,throughput
DEN042,Emilia Powers,11/22/1983,M,sstaner46@prweb.com,attitude
DEN043,Alisa Shelton,7/15/1997,M,rphythond3@aboutads.info,Down-sized
DEN044,Jemima Connor,10/5/1965,F,scailloui7@homestead.com,Operative
DEN045,Stephanie Pace,7/28/1979,M,icousansp5@vimeo.com,focus group
DEN046,Kamran O'Sullivan,2/21/1974,F,sgroucocka1@hatena.ne.jp,well-modulated
DEN047,Zoya Mitchell,9/30/1975,M,raizikovitzo4@barnesandnoble.com,eco-centric
DEN048,Asa Frederick,7/9/1988,F,swhortong5@php.net,Synergistic
DEN049,Zak Haines,7/14/1986,M,gjeandonis@spotify.com,non-volatile
DEN050,Szymon Matthews,9/13/1968,F,sheekslq@vinaora.com,alliance
DEN051,Marc Murphy,4/3/1995,M,boconnolly47@com.com,multimedia
DEN052,Felicity Rubio,8/6/1973,F,jkilfedder7h@naver.com,interface
DEN053,Krystal Walls,1/21/1962,M,thullbrook2y@kickstarter.com,background
DEN054,Inaya Carr,6/20/1996,F,cbowmann3@alibaba.com,reciprocal
DEN055,Isla Atkinson,4/26/1974,M,flemanu85@google.it,Multi-tiered
DEN056,Isobelle Mejia,8/30/1977,F,ksilversmidtac@soundcloud.com,human-resource
DEN057,Asia Sykes,5/16/1996,M,okemme9y@unicef.org,Versatile
DEN058,Alesha Wolf,12/15/1960,F,jcrannajj@diigo.com,executive
DEN059,Tom Lin,8/21/1999,F,wluis44@youku.com,Polarised
DEN060,Elaine Morgan,1/28/1987,M,culyattfb@netvibes.com,5th generation
